source_id,organisme,fichier,lien,categorie
S01,inconnu,31400-fr-unprotected-guide-de-l-entretien-pour-des-batiments-durables-2023.pdf,31400-fr-unprotected-guide-de-l-entretien-pour-des-batiments-durables-2023.pdf,non_classee
S02,inconnu,5 normes à respecter dans le secteur du BTP - Numbr.pdf,5 normes à respecter dans le secteur du BTP - Numbr.pdf,non_classee
S03,inconnu,Aide et pret action logement _ subvention travaux de rénovation énergétique.pdf,Aide et pret action logement _ subvention travaux de rénovation énergétique.pdf,non_classee
S04,inconnu,Loi sur l’habitat dégradé - Rénover et entretenir les immeubles.pdf,Loi sur l’habitat dégradé - Rénover et entretenir les immeubles.pdf,non_classee
S05,inconnu,L’ANAH _ subventions aux travaux de rénovation énergétiques _ La Prime Énergie.pdf,L’ANAH _ subventions aux travaux de rénovation énergétiques _ La Prime Énergie.pdf,non_classee
S06,inconnu,Prévention _ Protection de ligne électrique EDF pour travaux.pdf,Prévention _ Protection de ligne électrique EDF pour travaux.pdf,non_classee
S07,inconnu,Renforcer un bâtiment existant _ Thivillier Construction.pdf,Renforcer un bâtiment existant _ Thivillier Construction.pdf,non_classee
S08,inconnu,Rénovation énergétique _ bien se positionner sur le marché.pdf,Rénovation énergétique _ bien se positionner sur le marché.pdf,non_classee
S09,inconnu,TravauxConstructionExistante_1.pdf,TravauxConstructionExistante_1.pdf,non_classee
S10,inconnu,fiche-exigences-reglementaires-renovation.pdf,fiche-exigences-reglementaires-renovation.pdf,non_classee
S11,inconnu,infographie-pourquoi-comment-isoler-logement-202212.pdf,infographie-pourquoi-comment-isoler-logement-202212.pdf,non_classee
S12,inconnu,rapport-renovations-performantes-par-etapes-2021.pdf,rapport-renovations-performantes-par-etapes-2021.pdf,non_classee
S13,inconnu,synthese-renovations-performantes-par-etapes-2021.pdf,synthese-renovations-performantes-par-etapes-2021.pdf,non_classee
S14,inconnu,transcription-textuelle-infographie-pourquoi-comment-isoler-logement.pdf,transcription-textuelle-infographie-pourquoi-comment-isoler-logement.pdf,non_classee
S15,Ifsttar,2017-GTI4.3-guidetechnique-Ifsttar.pdf,www.ifsttar.fr,scientifique_technique
S16,FFB,Protection incendie _ une responsabilité collective.pdf,Protection incendie _ une responsabilité collective.pdf,reglementaire_technique
S17,Ademe,Ravalement de façade isolation thermique exterieure obligatoire.pdf,https://librairie.ademe.fr/,officiel_technique
S18,FFB,Risque inondation _ une subvention pour faire des travaux d'adaptation dans vos locaux professionnels.pdf,Risque inondation _ une subvention pour faire des travaux d'adaptation dans vos locaux professionnels.pdf,officiel_technique
S19,inconnu,construire_en_terrain_argileux_reglementation_et_bonnes_pratiques.pdf,construire_en_terrain_argileux_reglementation_et_bonnes_pratiques.pdf,non_classee
S20,"Ministère de l'égalité des Territoires et du Logement, Ministère de l'Écologie, du Développement durable et de l'Énergie",dgaln_referentiel_inondation_juin_2012.pdf,"www.territoires.gouv.fr, www.developpement-durable.gouv.fr",officiel_technique
S21,Mission Risques Naturels (MRN),repertoire-referentiels-resilience-bati-aleas-naturels.pdf,https://www.mrn.asso.fr/,officiel_technique
